{
  "id": "",
  "name": "",
  "font_family": "iconfont",
  "css_prefix_text": "icon-",
  "description": "",
  "glyphs": [
    {
      "icon_id": "13220932",
      "name": "fdoi-arrow-left",
      "font_class": "fdoi-arrow-left",
      "unicode": "e603",
      "unicode_decimal": 58883
    },
    {
      "icon_id": "13220933",
      "name": "fdoi-arrow-right",
      "font_class": "fdoi-arrow-right",
      "unicode": "e604",
      "unicode_decimal": 58884
    },
    {
      "icon_id": "13220934",
      "name": "fdoi-arrow-up",
      "font_class": "fdoi-arrow-up",
      "unicode": "e605",
      "unicode_decimal": 58885
    },
    {
      "icon_id": "13220935",
      "name": "fdoi-arrow-down",
      "font_class": "fdoi-arrow-down",
      "unicode": "e606",
      "unicode_decimal": 58886
    },
    {
      "icon_id": "13221144",
      "name": "fdoi-close",
      "font_class": "fdoi-close",
      "unicode": "e60e",
      "unicode_decimal": 58894
    },
    {
      "icon_id": "13221151",
      "name": "fdoi-menu",
      "font_class": "fdoi-menu",
      "unicode": "e60f",
      "unicode_decimal": 58895
    },
    {
      "icon_id": "13221212",
      "name": "fdoi-play",
      "font_class": "fdoi-play",
      "unicode": "e610",
      "unicode_decimal": 58896
    },
    {
      "icon_id": "13221213",
      "name": "fdoi-pause",
      "font_class": "fdoi-pause",
      "unicode": "e611",
      "unicode_decimal": 58897
    },
    {
      "icon_id": "13221683",
      "name": "fdoi-volume-high",
      "font_class": "fdoi-volume-high",
      "unicode": "e615",
      "unicode_decimal": 58901
    },
    {
      "icon_id": "13221686",
      "name": "fdoi-volume-medium",
      "font_class": "fdoi-volume-medium",
      "unicode": "e617",
      "unicode_decimal": 58903
    },
    {
      "icon_id": "13221687",
      "name": "fdoi-volume-low",
      "font_class": "fdoi-volume-low",
      "unicode": "e618",
      "unicode_decimal": 58904
    },
    {
      "icon_id": "13221688",
      "name": "fdoi-mute-volume-high",
      "font_class": "fdoi-mute-volume-high",
      "unicode": "e619",
      "unicode_decimal": 58905
    },
    {
      "icon_id": "13221689",
      "name": "fdoi-mute-volume-medium",
      "font_class": "fdoi-mute-volume-medium",
      "unicode": "e61a",
      "unicode_decimal": 58906
    },
    {
      "icon_id": "13221690",
      "name": "fdoi-mute-volume-low",
      "font_class": "fdoi-mute-volume-low",
      "unicode": "e61b",
      "unicode_decimal": 58907
    },
    {
      "icon_id": "13221701",
      "name": "fdoi-fullscreen-exit",
      "font_class": "fdoi-fullscreen-exit",
      "unicode": "e61d",
      "unicode_decimal": 58909
    },
    {
      "icon_id": "13221702",
      "name": "fdoi-fullscreen",
      "font_class": "fdoi-fullscreen",
      "unicode": "e61e",
      "unicode_decimal": 58910
    },
    {
      "icon_id": "13221716",
      "name": "fdoi-person",
      "font_class": "fdoi-person",
      "unicode": "e621",
      "unicode_decimal": 58913
    },
    {
      "icon_id": "13221717",
      "name": "fdoi-build",
      "font_class": "fdoi-build",
      "unicode": "e622",
      "unicode_decimal": 58914
    },
    {
      "icon_id": "13221722",
      "name": "fdoi-edit",
      "font_class": "fdoi-edit",
      "unicode": "e623",
      "unicode_decimal": 58915
    }
  ]
}
